#Subpopulation order/codes: a1=0	a2=1
#chm	spos	epos	sgpos	egpos	n snps	tsk_0.0	tsk_0.1	tsk_1.0	tsk_1.1	tsk_2.0	tsk_2.1	tsk_3.0	tsk_3.1	tsk_4.0	tsk_4.1	tsk_5.0	tsk_5.1	tsk_6.0	tsk_6.1	tsk_7.0	tsk_7.1	tsk_8.0	tsk_8.1	tsk_9.0	tsk_9.1	tsk_10.0	tsk_10.1	tsk_11.0	tsk_11.1	tsk_12.0	tsk_12.1	tsk_13.0	tsk_13.1	tsk_14.0	tsk_14.1	tsk_15.0	tsk_15.1	tsk_16.0	tsk_16.1	tsk_17.0	tsk_17.1	tsk_18.0	tsk_18.1	tsk_19.0	tsk_19.1	tsk_20.0	tsk_20.1	tsk_21.0	tsk_21.1	tsk_22.0	tsk_22.1	tsk_23.0	tsk_23.1	tsk_24.0	tsk_24.1	tsk_25.0	tsk_25.1	tsk_26.0	tsk_26.1	tsk_27.0	tsk_27.1	tsk_28.0	tsk_28.1	tsk_29.0	tsk_29.1	tsk_30.0	tsk_30.1	tsk_31.0	tsk_31.1	tsk_32.0	tsk_32.1	tsk_33.0	tsk_33.1	tsk_34.0	tsk_34.1	tsk_35.0	tsk_35.1	tsk_36.0	tsk_36.1	tsk_37.0	tsk_37.1	tsk_38.0	tsk_38.1	tsk_39.0	tsk_39.1	tsk_40.0	tsk_40.1	tsk_41.0	tsk_41.1	tsk_42.0	tsk_42.1	tsk_43.0	tsk_43.1	tsk_44.0	tsk_44.1	tsk_45.0	tsk_45.1	tsk_46.0	tsk_46.1	tsk_47.0	tsk_47.1	tsk_48.0	tsk_48.1	tsk_49.0	tsk_49.1	tsk_50.0	tsk_50.1	tsk_51.0	tsk_51.1	tsk_52.0	tsk_52.1	tsk_53.0	tsk_53.1	tsk_54.0	tsk_54.1	tsk_55.0	tsk_55.1	tsk_56.0	tsk_56.1	tsk_57.0	tsk_57.1	tsk_58.0	tsk_58.1	tsk_59.0	tsk_59.1	tsk_60.0	tsk_60.1	tsk_61.0	tsk_61.1	tsk_62.0	tsk_62.1	tsk_63.0	tsk_63.1	tsk_64.0	tsk_64.1	tsk_65.0	tsk_65.1	tsk_66.0	tsk_66.1	tsk_67.0	tsk_67.1	tsk_68.0	tsk_68.1	tsk_69.0	tsk_69.1	tsk_70.0	tsk_70.1	tsk_71.0	tsk_71.1	tsk_72.0	tsk_72.1	tsk_73.0	tsk_73.1	tsk_74.0	tsk_74.1	tsk_75.0	tsk_75.1	tsk_76.0	tsk_76.1	tsk_77.0	tsk_77.1	tsk_78.0	tsk_78.1	tsk_79.0	tsk_79.1	tsk_80.0	tsk_80.1	tsk_81.0	tsk_81.1	tsk_82.0	tsk_82.1	tsk_83.0	tsk_83.1	tsk_84.0	tsk_84.1	tsk_85.0	tsk_85.1	tsk_86.0	tsk_86.1	tsk_87.0	tsk_87.1	tsk_88.0	tsk_88.1	tsk_89.0	tsk_89.1	tsk_90.0	tsk_90.1	tsk_91.0	tsk_91.1	tsk_92.0	tsk_92.1	tsk_93.0	tsk_93.1	tsk_94.0	tsk_94.1	tsk_95.0	tsk_95.1	tsk_96.0	tsk_96.1	tsk_97.0	tsk_97.1	tsk_98.0	tsk_98.1	tsk_99.0	tsk_99.1
1	1000088	1044120	0.00	0.00	107	1	0	0	0	1	0	0	0	0	0	0	1	1	1	0	1	0	1	0	0	1	1	0	0	1	1	1	1	0	0	0	1	0	1	0	0	1	0	1	1	1	0	1	0	0	1	0	0	0	0	0	0	0	1	1	0	1	0	0	1	0	1	0	0	0	0	1	1	0	1	0	0	1	0	0	0	0	0	0	0	1	1	0	1	1	0	1	1	0	1	1	0	1	0	1	1	1	1	1	0	1	0	0	0	1	1	1	0	0	0	0	0	0	0	0	1	1	1	0	1	0	0	1	0	1	0	1	1	1	0	1	0	0	0	1	0	1	0	1	1	1	0	1	0	0	0	1	0	1	0	1	1	1	1	1	1	1	1	0	0	0	0	0	0	0	0	0	0	1	1	0	1	1	0	1	0	0	0	1	0	0	1	0	0	1	1	0	0	0	1	1	1	0	1	1	0	0	0	0	1
1	1044120	1131743	0.00	0.00	235	1	0	0	0	1	0	0	0	0	0	0	1	1	1	0	1	0	1	0	0	1	1	0	0	1	1	1	1	0	0	0	1	0	1	0	0	1	0	1	1	1	0	1	0	0	1	0	0	0	0	0	0	0	1	1	0	1	0	0	1	0	1	0	0	0	0	1	1	0	1	1	0	1	0	0	0	0	0	0	0	1	1	0	1	1	0	1	1	0	1	1	0	1	0	1	1	1	1	1	0	1	0	0	0	1	1	1	0	0	0	0	0	0	0	0	1	1	1	0	1	0	0	1	0	1	0	1	1	1	0	1	0	0	0	1	0	1	1	1	1	1	0	1	0	0	0	1	0	1	0	1	1	1	1	1	1	1	1	0	0	0	0	0	0	0	0	0	0	1	1	0	1	1	0	1	0	0	0	1	0	0	1	0	0	1	1	0	0	0	1	1	1	0	1	1	0	0	0	0	1
1	1131743	1164129	0.00	0.00	70	1	0	0	0	1	0	0	0	0	0	0	1	1	1	0	1	0	1	0	0	1	1	0	0	1	1	1	1	0	0	0	1	0	1	0	0	1	0	1	1	1	0	1	0	0	1	0	0	0	0	0	0	0	1	1	0	1	0	0	1	0	1	0	0	0	0	0	1	0	1	1	0	1	0	0	0	0	0	0	0	1	1	0	1	1	0	1	1	0	1	1	0	1	0	1	1	1	1	1	0	1	0	0	0	1	1	1	0	0	0	0	0	0	0	0	1	1	1	0	1	0	0	1	0	1	0	1	1	1	0	1	0	0	0	1	0	1	1	1	1	1	0	1	0	0	0	1	0	1	0	1	1	1	1	1	1	1	1	0	0	0	0	0	0	0	0	0	0	1	1	0	1	1	0	1	0	0	0	1	0	0	1	0	0	1	1	0	0	0	1	1	1	0	1	1	0	0	0	0	1
1	1164129	1201592	0.00	0.00	115	1	0	0	0	1	0	0	0	0	0	0	1	1	1	0	1	0	1	0	0	1	1	0	0	1	1	1	1	0	0	0	1	0	1	0	0	1	0	1	1	1	0	1	0	0	1	0	0	0	0	0	0	0	1	1	0	1	0	0	1	0	1	0	0	0	0	0	1	0	1	1	0	1	0	0	0	0	0	0	0	1	1	0	1	1	0	1	1	0	1	1	0	1	0	1	1	1	1	1	0	1	0	0	0	1	1	1	0	0	0	0	0	0	0	0	1	1	1	0	1	0	0	1	0	1	0	1	1	1	0	1	0	0	0	1	0	1	1	1	1	1	0	1	0	0	0	1	0	1	0	1	1	1	1	1	1	1	1	0	0	0	0	0	0	0	0	0	0	1	1	0	1	1	0	1	0	0	0	0	0	0	1	0	0	1	1	0	0	0	1	1	1	0	1	1	0	0	0	0	1
1	1201592	1206760	0.00	0.00	20	1	0	0	0	1	0	0	0	0	0	0	1	1	1	0	1	0	1	0	0	1	1	0	0	1	1	1	1	0	0	0	1	0	1	0	0	1	0	1	1	1	0	1	1	0	1	0	0	0	0	0	0	0	1	1	0	1	0	0	1	0	1	0	0	0	0	0	1	0	1	1	0	1	0	0	0	0	0	0	0	1	1	0	1	1	0	1	1	0	1	1	0	1	0	1	1	1	1	1	0	1	0	0	0	1	1	1	0	0	0	0	0	0	0	0	1	1	1	0	1	0	0	1	0	1	0	1	1	1	0	1	0	0	0	1	0	1	1	1	1	1	0	1	0	0	0	1	0	1	0	1	1	1	1	1	1	1	1	0	0	0	0	0	0	0	0	0	0	1	1	0	1	1	0	1	0	0	0	0	0	0	1	0	0	1	1	0	0	0	1	1	1	0	1	1	0	0	0	0	1
1	1206760	1213284	0.00	0.00	20	1	0	0	0	1	0	0	0	0	0	0	1	1	1	0	1	0	1	0	0	1	1	0	0	1	1	1	1	0	0	0	1	0	1	0	0	1	0	1	1	1	0	1	1	0	1	0	0	0	0	0	0	0	1	1	0	1	0	0	1	0	1	0	0	0	0	0	1	0	1	1	0	1	0	0	0	0	0	0	0	1	1	0	1	1	0	0	1	0	1	1	0	1	0	1	1	1	1	1	0	1	0	0	0	1	1	1	0	0	0	0	0	0	0	0	1	1	1	0	1	0	0	1	0	1	0	1	1	1	0	1	0	0	0	1	0	1	1	1	1	1	0	1	0	0	0	1	0	1	0	1	1	1	1	1	1	1	1	0	0	0	0	0	0	0	0	0	0	1	1	0	1	1	0	1	0	0	0	0	0	0	1	0	0	1	1	0	0	0	1	1	1	0	1	1	0	0	0	0	1
1	1213284	1217145	0.00	0.00	10	1	0	0	0	1	0	0	0	0	0	0	1	1	1	0	1	0	1	0	0	1	1	0	0	1	1	1	1	0	0	0	1	0	1	0	0	0	0	1	1	1	0	1	1	0	1	0	0	0	0	0	0	0	1	1	0	1	0	0	1	0	1	0	0	0	0	0	1	0	1	1	0	1	0	0	0	0	0	0	0	1	1	0	1	1	0	0	1	0	1	1	0	1	0	1	1	1	1	1	0	1	0	0	0	1	1	1	0	0	0	0	0	0	0	0	1	1	1	0	1	0	0	1	0	1	0	1	1	1	0	1	0	0	0	1	0	1	1	1	1	1	0	1	0	0	0	1	0	1	0	1	1	1	1	1	1	1	1	0	0	0	0	0	0	0	0	0	0	1	1	0	1	1	0	1	0	0	0	0	0	0	1	0	0	1	1	0	0	0	1	1	1	0	1	1	0	0	0	0	1
1	1217145	1227192	0.00	0.00	20	1	0	0	0	1	0	0	0	0	0	0	1	1	1	0	1	0	1	0	0	1	1	0	0	1	1	1	1	0	0	0	1	0	1	0	0	0	0	1	1	1	0	1	1	0	1	0	0	0	0	0	0	0	0	1	0	1	0	0	1	0	1	0	0	0	0	0	1	0	1	1	0	1	0	0	0	0	0	0	0	1	1	0	1	1	0	0	1	0	1	1	0	1	0	1	1	1	1	1	0	1	0	0	0	1	1	1	0	0	0	0	0	0	0	0	1	1	1	0	1	0	0	1	0	1	0	1	1	1	0	1	0	0	0	1	0	1	1	1	1	1	0	1	0	0	0	1	0	1	0	1	1	1	1	0	1	1	1	0	0	0	0	0	0	0	0	0	0	1	1	0	1	1	0	1	0	0	0	0	0	0	1	0	0	1	1	0	0	0	1	1	1	0	1	1	0	0	0	0	1
1	1227192	1255251	0.00	0.00	60	1	0	0	0	1	0	0	0	0	0	0	1	1	1	0	1	0	1	0	0	1	1	0	0	1	1	1	1	0	0	0	1	0	1	0	0	0	0	1	1	1	0	1	1	0	1	0	0	0	0	0	0	0	0	1	0	1	0	0	1	0	1	0	0	0	0	0	1	0	1	1	0	1	0	0	0	0	0	0	0	1	1	0	1	1	0	0	1	0	1	1	0	1	0	1	1	1	1	1	0	1	0	0	0	1	1	1	0	0	0	0	0	0	0	0	1	1	1	0	1	0	0	1	0	1	0	1	1	1	0	1	0	0	0	1	0	1	1	1	1	1	0	1	0	1	0	1	0	1	0	1	1	1	1	0	1	1	1	0	0	0	0	0	0	0	0	0	0	1	1	0	1	1	0	1	0	0	0	0	0	0	1	0	0	1	1	0	0	0	1	1	1	0	1	1	0	0	0	0	1
1	1255251	1274028	0.00	0.00	35	1	0	0	0	1	0	0	0	0	0	0	1	1	1	0	1	0	1	0	0	1	1	0	0	1	1	1	1	0	0	0	1	0	1	0	0	0	0	1	1	1	0	1	1	0	1	0	0	0	0	0	0	0	0	1	0	1	0	0	1	0	1	0	0	0	0	0	1	0	1	1	0	1	0	0	0	0	0	0	0	1	1	0	1	1	0	0	1	0	1	1	0	1	0	1	1	1	1	1	0	1	0	0	0	1	1	1	0	0	0	0	0	0	0	0	1	1	1	0	1	0	0	1	0	1	0	1	1	1	0	1	0	0	0	1	0	1	1	1	1	1	0	1	0	1	0	1	0	1	0	1	1	1	1	0	1	1	1	0	0	0	0	0	0	0	0	0	0	1	1	0	1	1	0	1	0	0	0	0	0	0	1	0	0	1	0	0	0	0	1	1	1	0	1	1	0	0	0	0	1
1	1274028	1289200	0.00	0.00	30	1	0	0	0	1	0	0	0	0	0	0	1	1	1	0	1	0	1	0	0	1	1	0	0	1	1	1	1	0	0	0	1	0	1	0	0	0	0	1	1	1	0	1	1	0	1	0	0	0	0	0	0	0	0	1	0	1	0	0	1	0	1	0	0	0	0	0	1	0	1	1	0	1	0	0	0	0	0	0	0	1	1	0	1	1	0	0	1	0	1	1	0	1	0	1	1	1	1	1	0	1	0	0	0	1	1	1	0	0	0	0	0	0	1	0	1	1	1	0	1	0	0	1	0	1	0	1	1	1	0	1	0	0	0	1	0	1	1	1	1	1	0	1	0	1	0	1	0	1	0	1	1	1	1	0	1	1	1	0	0	0	0	0	0	0	0	0	0	1	1	0	1	1	0	1	0	0	0	0	0	0	1	0	0	1	0	0	0	0	1	1	1	0	1	1	0	0	0	0	1
1	1289200	1307678	0.00	0.00	55	1	0	0	0	1	0	0	0	0	0	0	1	1	1	0	1	0	1	0	0	1	1	0	0	1	1	1	1	0	0	0	1	0	1	0	0	0	0	1	1	1	0	1	1	0	1	0	0	0	0	0	0	0	0	1	0	1	0	0	1	0	1	0	0	0	0	0	1	0	1	1	0	1	0	0	0	0	0	0	0	1	1	0	1	1	0	0	1	0	1	1	0	1	0	1	1	1	1	1	0	1	0	0	0	1	1	1	0	0	0	0	0	0	1	0	1	1	1	0	1	0	0	1	0	1	0	1	1	1	0	1	0	0	0	1	0	1	1	1	1	1	0	1	0	1	0	1	0	1	0	1	1	1	1	0	1	1	1	0	0	0	0	0	0	0	0	0	0	1	1	0	1	1	0	1	0	1	0	0	0	0	1	0	0	1	0	0	0	0	1	1	1	0	1	1	0	0	0	0	1
1	1307678	1348034	0.00	0.00	105	1	0	0	0	1	0	0	0	0	0	0	1	1	1	0	1	0	1	0	0	1	1	0	0	1	1	1	1	0	0	0	1	0	1	0	0	0	0	1	1	1	0	1	1	0	1	0	0	0	0	0	0	0	0	1	0	1	0	0	1	0	1	0	0	0	0	0	1	0	1	1	0	1	0	0	0	0	0	0	0	1	1	0	1	1	0	0	1	0	1	1	0	1	0	1	1	1	1	1	0	1	0	0	0	1	1	1	0	0	0	0	0	0	1	0	1	1	1	0	1	0	0	1	0	1	0	1	1	1	0	1	0	0	0	1	0	1	1	1	1	1	0	1	0	1	0	1	0	1	0	0	1	1	1	0	1	1	1	0	0	0	0	0	0	0	0	0	0	1	1	0	1	1	0	1	0	1	0	0	0	0	1	0	0	1	0	0	0	0	1	1	1	0	1	1	0	0	0	0	1
1	1348034	1370234	0.00	0.00	55	1	0	0	0	1	0	1	0	0	0	0	1	1	1	0	1	0	1	0	0	1	1	0	0	1	1	1	1	0	0	0	1	0	1	0	0	0	0	1	1	1	0	1	1	0	1	0	0	0	0	0	0	0	0	1	0	1	0	0	1	0	1	0	0	0	0	0	1	0	1	1	0	1	0	0	0	0	0	0	0	1	1	0	1	1	0	0	1	0	1	1	0	1	0	1	1	1	1	1	0	1	0	0	0	1	1	1	0	0	0	0	0	0	1	0	1	1	1	0	1	0	0	1	0	1	0	1	1	1	0	1	0	0	0	1	0	1	1	1	1	1	0	1	0	1	0	1	0	1	0	0	1	1	1	0	1	1	1	0	0	0	0	0	0	0	0	0	0	1	1	0	1	1	0	1	0	1	0	0	0	0	1	0	0	1	0	0	0	0	1	1	1	0	1	1	0	0	0	0	1
1	1370234	1430438	0.00	0.00	160	1	0	0	0	1	0	1	0	0	0	0	1	1	1	0	1	0	1	0	0	1	1	0	0	1	1	1	1	0	0	0	1	0	1	0	0	0	0	1	1	1	0	1	1	0	1	0	0	0	0	0	0	0	1	1	0	1	0	0	1	0	1	0	0	0	0	0	1	0	1	1	0	1	0	0	0	0	0	0	0	1	1	0	1	1	0	0	1	0	1	1	0	1	0	1	1	1	1	1	0	1	0	0	0	1	1	1	0	0	0	0	0	0	1	0	1	1	1	0	1	0	0	1	0	1	0	1	1	1	0	1	0	0	0	1	0	1	1	1	1	1	0	1	0	1	0	1	0	1	0	0	1	1	1	0	1	1	1	0	0	0	0	0	0	0	0	0	0	1	1	0	1	1	0	1	0	1	0	0	0	0	1	0	0	1	0	0	0	0	1	1	1	0	1	1	0	0	0	0	1
1	1430438	1458679	0.00	0.00	65	1	0	0	0	1	0	1	0	0	0	0	1	1	1	0	1	0	1	0	0	1	1	0	0	1	1	1	1	0	0	0	1	0	1	0	0	1	0	1	1	1	0	1	1	0	1	0	0	0	0	0	0	0	1	1	0	1	0	0	1	0	1	0	0	0	0	0	1	0	1	1	0	1	0	0	0	0	0	0	0	1	1	0	1	1	0	0	1	0	1	1	0	1	0	1	1	1	1	1	0	1	0	0	0	1	1	1	0	0	0	0	0	0	1	0	1	1	1	0	1	0	0	1	0	1	0	1	1	1	0	1	0	0	1	1	0	1	1	1	1	1	0	1	0	1	0	1	0	1	0	0	1	1	1	0	1	1	1	0	0	0	0	0	0	0	0	0	0	1	1	0	1	1	0	1	0	1	0	0	0	0	1	0	0	1	0	0	0	0	1	1	1	0	1	1	0	0	0	0	1
1	1458679	1552123	0.00	0.01	210	1	0	0	0	1	0	1	0	0	0	0	1	1	1	0	1	0	1	0	0	1	1	0	0	1	1	1	1	0	0	0	1	0	1	0	0	1	0	1	1	1	0	1	1	0	1	0	0	0	0	0	0	0	1	1	0	1	0	0	1	0	1	0	0	0	0	0	1	0	1	1	0	1	0	0	0	0	0	0	0	1	1	0	1	1	0	0	1	0	1	1	0	1	0	1	1	1	1	1	0	1	0	0	0	1	1	1	0	0	0	0	0	0	1	0	1	0	1	0	1	0	0	1	0	1	0	1	1	1	0	1	0	0	1	1	0	1	1	1	1	1	0	1	0	1	0	1	0	1	0	0	1	1	1	0	1	1	1	0	0	0	0	0	0	0	0	0	0	1	1	0	1	1	0	1	0	1	0	0	0	0	1	0	0	1	0	0	0	0	1	1	1	0	1	1	0	0	0	0	1
1	1552123	1692513	0.01	0.01	330	1	0	0	0	1	0	1	0	0	0	0	1	1	1	0	1	0	1	0	0	1	1	0	0	1	1	1	1	0	0	0	1	0	1	0	0	1	0	1	1	1	0	1	1	0	1	0	0	0	0	0	0	0	1	1	0	1	0	0	1	0	1	0	0	0	0	0	1	0	1	1	0	1	0	0	0	0	0	0	0	1	1	0	1	1	0	0	1	0	1	1	0	1	0	1	1	1	1	1	0	1	0	0	0	1	1	1	0	0	0	0	0	0	1	0	1	0	1	0	1	0	0	1	0	1	0	1	1	1	0	1	0	0	1	1	0	1	1	1	1	1	0	1	0	1	0	1	0	1	0	0	1	1	1	0	1	1	1	0	0	0	0	0	0	0	0	0	0	1	1	0	1	1	0	1	0	0	0	0	0	0	1	0	0	1	0	0	0	0	1	1	1	0	1	1	0	0	0	0	1
1	1692513	1710901	0.01	0.01	45	1	0	0	0	1	0	1	0	0	0	0	1	1	1	0	1	0	1	0	0	1	1	0	0	1	1	1	1	0	0	0	1	0	1	0	0	1	0	1	1	1	0	1	1	0	1	0	0	0	0	0	0	0	1	1	0	1	0	0	1	0	1	0	0	0	0	0	1	0	1	1	0	1	0	0	0	0	0	0	0	1	1	0	1	1	0	0	1	0	1	1	0	1	0	1	1	1	1	1	0	1	0	0	0	1	1	1	0	0	0	0	0	0	1	0	1	0	1	0	1	0	0	1	1	1	0	1	1	1	0	1	0	0	1	1	0	1	1	1	1	1	0	1	0	1	0	1	0	1	0	0	1	1	1	0	1	1	1	0	0	0	0	0	0	0	0	0	0	1	1	0	1	1	0	1	0	0	0	0	0	0	1	0	0	1	0	0	0	0	1	1	1	0	1	1	0	0	0	0	1
1	1710901	1899692	0.01	0.01	425	1	0	0	0	1	0	1	0	0	0	0	1	1	1	0	1	0	1	0	0	1	1	0	0	1	1	1	1	0	0	0	1	0	1	0	0	1	0	1	1	1	0	1	1	0	1	0	0	0	0	0	0	0	1	1	0	1	0	0	1	0	1	0	0	0	0	0	0	0	1	1	0	1	0	0	0	0	0	0	0	1	1	0	1	1	0	0	1	0	1	1	0	1	0	1	1	1	1	1	0	1	0	0	0	1	1	1	0	0	0	0	0	0	1	0	1	0	1	0	1	0	0	1	1	1	0	1	1	1	0	1	0	0	1	1	0	1	1	1	1	1	0	1	0	1	0	1	0	1	0	0	1	1	1	0	1	1	1	0	0	0	0	0	0	0	0	0	0	1	1	0	1	1	0	1	0	0	0	0	0	0	1	0	0	1	0	0	0	0	1	1	1	0	1	1	0	0	0	0	1
1	1899692	1940565	0.01	0.01	80	1	0	0	0	1	0	1	0	0	0	0	1	1	1	0	1	0	1	0	0	1	1	0	0	1	1	1	1	0	1	0	1	0	1	0	0	1	0	1	1	1	0	1	1	0	1	0	0	0	0	0	0	0	1	1	0	1	0	0	1	0	1	0	0	0	0	0	0	0	1	1	0	1	0	0	0	0	0	0	0	1	1	0	1	1	0	0	1	0	1	1	0	1	0	1	1	1	1	1	0	1	0	0	0	1	1	1	0	0	0	0	0	0	1	0	1	0	1	0	1	0	0	1	1	1	0	1	1	1	0	1	0	0	1	1	0	1	1	1	1	1	0	1	0	1	0	1	0	1	0	0	1	1	1	0	1	1	1	0	0	0	0	0	0	0	0	0	0	1	1	0	1	1	0	1	0	0	0	0	0	0	1	0	0	1	0	0	0	0	1	1	1	0	1	1	0	0	0	0	1
1	1940565	1999421	0.01	0.01	143	1	0	0	0	1	0	1	0	0	0	0	1	1	1	0	1	0	1	0	0	1	1	0	0	1	1	1	1	0	1	0	1	0	1	0	0	1	0	1	1	1	0	1	1	0	1	0	0	0	0	0	0	0	1	1	0	1	0	0	1	0	1	0	0	0	0	0	0	0	1	1	0	1	0	0	0	0	0	0	0	1	1	0	1	1	0	0	1	1	1	1	0	1	0	1	1	1	1	1	0	1	0	0	0	1	1	1	0	0	0	0	0	0	1	0	1	0	1	0	1	0	0	1	1	1	0	1	1	1	0	1	0	0	1	1	0	1	1	1	1	1	0	1	0	1	0	1	0	1	0	0	1	1	1	0	1	1	1	0	0	0	0	0	0	0	0	0	0	1	1	0	1	1	0	1	0	0	0	0	0	0	1	0	0	1	0	0	0	0	1	1	1	0	1	1	0	0	0	0	1
